t_s,fps_declarado,dron,fps_real,fps_pedido,temp_c,slots_perdidos,slots_total,throttle_ahora,bateria_v,mem_mb,lat_ciclo_p50_ms,lat_ciclo_p95_ms,lat_detector_p50_ms,lat_muestras
0.0,0.5,1,0.49,0.5,46.3,0,3,,14.455,3193.5,98.1,98.1,98.1,1
0.0,0.5,2,0.49,0.5,74.5,0,6,,14.469,3132.4,702.3,702.3,701.8,1
30.0,0.5,1,0.91,0.5,46.3,0,3,,14.384,3193.2,101.8,145.0,101.8,2
30.0,0.5,2,0.53,0.5,72.5,0,6,,14.399,3132.6,694.4,694.4,693.9,1
60.0,0.5,1,0.98,0.5,46.9,0,3,,14.315,3194.6,93.7,123.7,93.7,2
60.0,0.5,2,0.51,0.5,74.0,0,6,,14.327,3132.8,721.1,721.1,720.6,1
90.1,0.5,1,0.93,0.5,46.9,0,3,,14.244,3193.4,147.6,155.3,147.6,2
90.1,0.5,2,0.52,0.5,73.0,0,6,,14.259,3132.1,725.7,725.7,725.2,1
120.1,0.5,1,0.52,0.5,46.9,0,3,,14.175,3193.7,134.7,134.7,134.7,1
120.1,0.5,2,0.5,0.5,72.5,0,6,,14.189,3132.3,764.1,764.1,763.6,1
150.1,0.5,1,0.93,0.5,46.9,0,3,,14.105,3190.4,102.5,149.1,102.5,2
150.1,0.5,2,0.5,0.5,73.0,0,6,,14.119,3130.7,722.2,722.2,721.6,1
180.1,0.5,1,0.49,0.5,47.4,0,3,,14.058,3191.6,122.2,122.2,122.2,1
180.1,0.5,2,0.0,0.5,74.0,0,6,,14.077,3132.0,,,,0
210.1,0.5,1,0.88,0.5,47.4,0,3,,14.0,3191.2,104.3,171.1,104.3,2
210.1,0.5,2,0.73,0.5,73.5,0,6,,14.0,3132.2,679.6,718.4,679.1,2
240.1,0.5,1,0.92,0.5,47.4,0,3,,14.0,3193.7,103.3,126.2,103.3,2
240.1,0.5,2,0.0,0.5,73.0,0,6,,14.0,3132.0,,,,0
270.2,0.5,1,0.91,0.5,47.4,0,3,,14.0,3191.5,112.3,147.4,112.3,2
270.2,0.5,2,0.0,0.5,72.5,0,6,,14.0,3130.8,,,,0
